/*
SQLyog Ultimate v9.63 
MySQL - 5.5.5-10.1.16-MariaDB : Database - webstage_ovrmind
*********************************************************************
*/


/*!40101 SET NAMES utf8 */;

/*!40101 SET SQL_MODE=''*/;

/*!40014 SET @OLD_UNIQUE_CHECKS=@@UNIQUE_CHECKS, UNIQUE_CHECKS=0 */;
/*!40014 SET @OLD_FOREIGN_KEY_CHECKS=@@FOREIGN_KEY_CHECKS, FOREIGN_KEY_CHECKS=0 */;
/*!40101 SET @OLD_SQL_MODE=@@SQL_MODE, SQL_MODE='NO_AUTO_VALUE_ON_ZERO' */;
/*!40111 SET @OLD_SQL_NOTES=@@SQL_NOTES, SQL_NOTES=0 */;
CREATE DATABASE /*!32312 IF NOT EXISTS*/`webstage_ovrmind` /*!40100 DEFAULT CHARACTER SET latin1 */;

USE `webstage_ovrmind`;

/*Table structure for table `articles` */

DROP TABLE IF EXISTS `articles`;

CREATE TABLE `articles` (
  `id` int(10) unsigned NOT NULL AUTO_INCREMENT,
  `title` varchar(255) COLLATE utf8_unicode_ci NOT NULL,
  `slug` text COLLATE utf8_unicode_ci NOT NULL,
  `content` text COLLATE utf8_unicode_ci NOT NULL,
  `user_id` int(10) unsigned NOT NULL DEFAULT '0',
  `created_at` timestamp NULL DEFAULT NULL,
  `updated_at` timestamp NULL DEFAULT NULL,
  PRIMARY KEY (`id`),
  KEY `articles_user_id_index` (`user_id`),
  CONSTRAINT `articles_user_id_foreign` FOREIGN KEY (`user_id`) REFERENCES `users` (`id`) ON DELETE NO ACTION ON UPDATE NO ACTION
) ENGINE=InnoDB AUTO_INCREMENT=55 DEFAULT CHARSET=utf8 COLLATE=utf8_unicode_ci;

/*Data for the table `articles` */

insert  into `articles`(`id`,`title`,`slug`,`content`,`user_id`,`created_at`,`updated_at`) values (1,'Modi laborum.','modi-laborum','Quis adipisci possimus eligendi aut iusto. Amet illo omnis nulla labore cum voluptatibus dolorem. Repudiandae odit sed quia voluptatem sequi aperiam alias ea. Inventore esse aperiam a ab. Excepturi rerum aut iure a qui. Velit cumque saepe cupiditate ducimus rerum aut consequatur quo. Dolorem earum velit quo debitis.',1,'2017-04-07 02:23:43','2017-04-07 02:23:43'),(2,'Quibusdam tempore repellendus.','quibusdam-tempore-repellendus','Est consequatur sed voluptatem quidem voluptatem dignissimos. Eligendi dolorum cupiditate eos dignissimos eligendi iure minus. Dolores inventore veniam possimus natus eum commodi. Quo facilis et et et. Necessitatibus non illum et quis asperiores. Dolor harum quia et exercitationem. Vero exercitationem ut veniam earum magnam.',1,'2017-04-07 02:23:44','2017-04-07 02:23:44'),(3,'Consequatur deleniti esse necessitatibus.','consequatur-deleniti-esse-necessitatibus','Incidunt est et laboriosam exercitationem officiis corrupti enim. Velit adipisci sit et consequatur laboriosam corrupti eius officia. Consequatur libero eaque modi dicta. In fuga blanditiis quasi dolor ea accusamus.',1,'2017-04-07 02:23:44','2017-04-07 02:23:44'),(4,'Quasi maiores omnis.','quasi-maiores-omnis','Optio consequatur doloremque expedita repellat. A dicta quaerat fuga rerum. Eaque doloremque laudantium et dolores ducimus beatae. Est repellendus porro possimus minima beatae.',1,'2017-04-07 02:23:44','2017-04-07 02:23:44'),(5,'Voluptatibus et rerum quaerat.','voluptatibus-et-rerum-quaerat','Perspiciatis in est ut laborum. Velit provident eveniet quis sapiente. Quidem non qui et odio voluptatem error. In velit voluptatum nulla aut omnis odio error. Incidunt enim placeat saepe deleniti dolorem nam sequi possimus. Quia corporis ut debitis ipsam asperiores distinctio. Aut et rerum ipsa velit vitae ut atque.',1,'2017-04-07 02:23:44','2017-04-07 02:23:44'),(6,'Sed hic et vitae.','sed-hic-et-vitae','Est est veniam laboriosam facere officiis. Necessitatibus nihil ullam nisi molestias et omnis. Eligendi provident voluptas esse ipsam consequuntur. Qui omnis ut sequi nulla asperiores. Iste veniam et aut id sapiente aspernatur autem blanditiis. Quaerat reprehenderit quo quidem repudiandae animi.',1,'2017-04-07 02:23:44','2017-04-07 02:23:44'),(7,'Non explicabo quos.','non-explicabo-quos','Asperiores adipisci aut asperiores id rerum natus. Qui sit delectus asperiores ut. Eum saepe beatae aut sed soluta. Vitae animi earum doloremque deleniti sequi explicabo sit molestiae. Libero asperiores est tempore odio. Eligendi expedita perspiciatis consectetur enim voluptas soluta.',1,'2017-04-07 02:23:44','2017-04-07 02:23:44'),(8,'Aut itaque mollitia.','aut-itaque-mollitia','Suscipit et temporibus mollitia explicabo. Est aut perferendis totam alias qui rerum. Amet delectus in tempore inventore atque. Architecto et voluptates laborum rerum. Dolore dolores quidem voluptatem tempore natus.',1,'2017-04-07 02:23:44','2017-04-07 02:23:44'),(9,'Fugit esse.','fugit-esse','Similique quibusdam qui natus atque officia doloremque blanditiis. Sint odio et cumque fugit. Voluptatibus sed nobis excepturi error porro. Tenetur molestiae rerum dolorum ducimus ut. Exercitationem nulla quis ut quia perferendis delectus. Similique placeat eligendi delectus alias a libero et facere. Eius dolor quo nam aut dolor laudantium magnam.',1,'2017-04-07 02:23:44','2017-04-07 02:23:44'),(10,'Consequuntur voluptatem accusamus perspiciatis earum.','consequuntur-voluptatem-accusamus-perspiciatis-earum','Aut reprehenderit ea laborum qui expedita voluptatum. Repudiandae fuga eligendi praesentium ipsum. Et incidunt ipsum quis ullam perspiciatis vel. Et sit tempore et expedita ullam rem.',1,'2017-04-07 02:23:44','2017-04-07 02:23:44'),(11,'Dolorem maiores tenetur quibusdam.','dolorem-maiores-tenetur-quibusdam','Dolores dolorem nobis delectus quasi recusandae rem. Odit voluptatum sunt tempore ut reiciendis. Aut exercitationem blanditiis rerum earum ad. Voluptas sunt nostrum unde et amet. Impedit pariatur repellat cum. Occaecati tenetur ut dolorem pariatur at et labore eos. Sunt odit quos incidunt veniam.',1,'2017-04-07 02:23:44','2017-04-07 02:23:44'),(12,'Amet in et optio.','amet-in-et-optio','Veniam molestiae esse consequuntur numquam ullam molestiae. Magnam fugit praesentium voluptas temporibus tempora ut et. Ea ea ipsam in pariatur. Sunt impedit aliquid deleniti at. Quibusdam porro ut non sequi quae totam quia. Dolor at sint voluptatum vel quia.',1,'2017-04-07 02:23:44','2017-04-07 02:23:44'),(13,'Ea quasi iusto.','ea-quasi-iusto','Aut cupiditate excepturi rem. Nihil sunt eos ut. Rem quis quo autem et voluptatem nobis veniam. Voluptatum voluptatem ratione in necessitatibus quia ex id. Animi tenetur et tenetur tenetur.',1,'2017-04-07 02:23:44','2017-04-07 02:23:44'),(14,'Sunt et illum sit.','sunt-et-illum-sit','Numquam praesentium rerum nesciunt eligendi. Quibusdam incidunt nam temporibus rerum. Vero omnis a error dolores aut delectus molestias ipsa. Eaque illo doloribus dolores at. Ipsum sit deleniti et dolorem cupiditate nemo. Et voluptatem molestias numquam repellendus nobis quo ipsum.',1,'2017-04-07 02:23:44','2017-04-07 02:23:44'),(15,'Cumque culpa tempora.','cumque-culpa-tempora','Sed ut voluptas odit animi velit illum reiciendis magnam. Omnis soluta repellat quas ipsam quisquam iusto. Dolorum vero omnis minus quia et quo incidunt. Dolorem nihil maxime omnis aliquid ut quasi. Est recusandae mollitia voluptas qui.',1,'2017-04-07 02:23:44','2017-04-07 02:23:44'),(16,'Harum corporis incidunt necessitatibus.','harum-corporis-incidunt-necessitatibus','Nesciunt qui eum vero et soluta eos. Iusto eum quod accusamus ea quia necessitatibus dolor. Sed fugiat blanditiis dignissimos et minus. Quia est autem tempora et.',1,'2017-04-07 02:23:44','2017-04-07 02:23:44'),(17,'Quasi quae saepe reprehenderit.','quasi-quae-saepe-reprehenderit','Iste est error quibusdam incidunt sequi sit. Sint numquam dolorem quia cum animi. Blanditiis deleniti sapiente sit perferendis voluptas. Provident velit sint optio atque a voluptatum ut.',1,'2017-04-07 02:23:44','2017-04-07 02:23:44'),(18,'Consequatur dolor expedita et.','consequatur-dolor-expedita-et','Ducimus numquam at ad quisquam est quo. Et ea qui laudantium inventore et aliquid et. Totam nihil officia tempora non qui officia culpa rerum. Nemo exercitationem recusandae ea odio libero adipisci velit vel. A illum numquam et aut ut illo. Aut autem beatae maiores.',1,'2017-04-07 02:23:44','2017-04-07 02:23:44'),(19,'Reprehenderit distinctio fuga sint animi.','reprehenderit-distinctio-fuga-sint-animi','Nobis sit nihil esse eveniet. Illum eligendi praesentium maiores natus maxime. Laborum illo omnis aut suscipit occaecati maxime. In sed natus molestiae ut iste vitae ut rerum. Iste tempora neque qui aliquid. Quia eum eaque sint laborum dolorum.',1,'2017-04-07 02:23:44','2017-04-07 02:23:44'),(20,'Ut voluptas libero perferendis.','ut-voluptas-libero-perferendis','Ab amet repudiandae quia qui occaecati et. Nemo et iusto dolores asperiores placeat praesentium dolores. Vero nihil culpa quo qui id. Qui tempore beatae id. Dolorem expedita minima eos sit est perspiciatis ratione. In accusantium quis quam omnis. Nemo qui et tempore omnis quis quia dolor.',1,'2017-04-07 02:23:44','2017-04-07 02:23:44'),(21,'Tempora voluptas repellendus nam.','tempora-voluptas-repellendus-nam','Eum dolores vero sapiente eos qui magnam quo. Voluptas optio ea quae sed aut rem voluptas. Aut iste voluptas tenetur quas modi consequuntur hic. Quibusdam est perspiciatis sit amet dolore. Voluptatem maiores aliquam excepturi. Qui libero sed natus ducimus dolorem vel sed.',1,'2017-04-07 02:23:44','2017-04-07 02:23:44'),(22,'Harum non laboriosam accusantium.','harum-non-laboriosam-accusantium','Nemo quasi sint sit. Aut ut repellendus magni incidunt praesentium. Praesentium vitae dolore et aut. Velit vitae commodi qui maiores perferendis.',1,'2017-04-07 02:23:44','2017-04-07 02:23:44'),(23,'Dolores accusantium sequi.','dolores-accusantium-sequi','Est itaque provident voluptatem autem dolore et. Voluptas asperiores cum dolorem quidem. Rerum laudantium dolore quos iure enim. Nisi qui aliquid aperiam sit tenetur. Sed fugit ut sint sed dolor saepe atque voluptates. Quo ut suscipit ut commodi.',1,'2017-04-07 02:23:44','2017-04-07 02:23:44'),(24,'Accusantium sit animi ex.','accusantium-sit-animi-ex','Sunt iste et deleniti quia unde fugiat. Tempora dicta nostrum eaque harum. Placeat provident eos facere rem beatae. Fugiat amet ut accusantium voluptatem modi voluptas quaerat. Repellat accusantium est fugit aut veritatis totam impedit. Quibusdam sit vel reprehenderit reiciendis sit non molestias odio. Vel quos atque minima exercitationem.',1,'2017-04-07 02:23:44','2017-04-07 02:23:44'),(25,'Doloribus excepturi.','doloribus-excepturi','Facere est qui quis. Neque rerum minima sed inventore est. Ducimus amet provident cumque quibusdam temporibus quisquam vel. Fugiat doloremque repellendus ipsa dolorem. Praesentium esse quasi aliquam praesentium. Odio ipsum qui rerum et nihil sapiente.',1,'2017-04-07 02:23:44','2017-04-07 02:23:44'),(26,'Odit natus ut iure.','odit-natus-ut-iure','Esse est ipsam rem et sint. Minima ut voluptatem est neque. Reprehenderit beatae qui debitis. Repellat cupiditate ut sit. Omnis eum nam totam a voluptatem.',1,'2017-04-07 02:23:44','2017-04-07 02:23:44'),(27,'Cumque quas qui quaerat.','cumque-quas-qui-quaerat','Accusantium ducimus ullam quia ut et error accusamus quis. Aliquid quis officia iure in ut a. Perferendis repellat beatae consectetur quasi fugit. Ut esse et molestiae voluptas molestias. Ut similique similique sed ea. Quod dolorem et qui. Dolores consequatur pariatur sed vel ducimus facilis.',1,'2017-04-07 02:23:44','2017-04-07 02:23:44'),(28,'Odit doloribus rem commodi.','odit-doloribus-rem-commodi','Aut adipisci maxime fugiat tempore. Deserunt consequatur et natus adipisci ad a ullam. Ea quasi dolore laborum dolor molestiae illum. Non nesciunt facere velit laborum et et.',1,'2017-04-07 02:23:44','2017-04-07 02:23:44'),(29,'Minus delectus ea.','minus-delectus-ea','Minima iusto ducimus corporis repellat quaerat facilis. Veniam odit qui pariatur quod. Mollitia incidunt voluptate maxime et quis. Officiis ea illo dolor et nulla maiores nihil. Sunt sint tempora voluptatem.',1,'2017-04-07 02:23:44','2017-04-07 02:23:44'),(30,'Explicabo minus explicabo et.','explicabo-minus-explicabo-et','Dolor vel ut delectus explicabo neque. Aut earum molestias asperiores et placeat. Beatae nihil et deserunt velit quis rerum. Iusto adipisci quis minima sit incidunt optio. Eaque perferendis qui quis quo saepe.',1,'2017-04-07 02:23:44','2017-04-07 02:23:44'),(31,'Temporibus sit veniam voluptas.','temporibus-sit-veniam-voluptas','Labore illo consectetur atque laboriosam vero. Nemo et voluptas vero. Est quo est tempora et quo. Optio incidunt maiores alias et ratione nihil aut qui. Commodi voluptate aut odio voluptatem. Omnis qui inventore et aspernatur repellat quia et.',1,'2017-04-07 02:23:45','2017-04-07 02:23:45'),(32,'Est fugit.','est-fugit','Veniam sint iste et. Nesciunt voluptatum iusto vel est voluptatibus non id. Omnis quae saepe quisquam. Alias quo enim corrupti molestias.',1,'2017-04-07 02:23:45','2017-04-07 02:23:45'),(33,'Hic nemo repudiandae harum.','hic-nemo-repudiandae-harum','Qui laboriosam rem accusantium et autem. Id occaecati non deleniti consequatur voluptatem. Ea omnis nobis voluptates temporibus optio numquam. Dignissimos eaque non sint sed laudantium neque. Maiores dolor et eligendi culpa et. Expedita omnis velit laboriosam vero rem natus quia totam.',1,'2017-04-07 02:23:45','2017-04-07 02:23:45'),(34,'Et et earum.','et-et-earum','Sed nemo accusamus laboriosam nam. Aliquid aut sed ut consequatur velit. Quia harum ullam expedita ad quo. Unde dolorum quia iusto hic voluptate minima excepturi.',1,'2017-04-07 02:23:45','2017-04-07 02:23:45'),(35,'Id commodi perspiciatis totam.','id-commodi-perspiciatis-totam','Id autem porro aut voluptates. Ipsum ullam laboriosam iste voluptatum placeat. Corrupti dolor amet culpa est illum reiciendis. Ut sequi dolorum sed doloremque officiis. Consectetur vel in saepe dolores inventore minus. Neque officiis numquam sint nihil veritatis quisquam accusamus. Distinctio et veritatis iusto sit.',1,'2017-04-07 02:23:45','2017-04-07 02:23:45'),(36,'Omnis laudantium quod.','omnis-laudantium-quod','Enim ea et laborum fugit. Autem a ut quasi. Nihil molestias et vel. Odit iure sequi mollitia veritatis deserunt et sit.',1,'2017-04-07 02:23:45','2017-04-07 02:23:45'),(37,'Quia natus autem.','quia-natus-autem','Vel laudantium omnis cumque sint voluptatibus dolor qui. Tempore omnis voluptatem nobis repellat occaecati quibusdam enim. Illum totam eligendi recusandae neque praesentium. Est illum dolorem possimus velit exercitationem dolorem.',1,'2017-04-07 02:23:45','2017-04-07 02:23:45'),(38,'Quo fuga rerum magni.','quo-fuga-rerum-magni','Non id ut assumenda quia. Illum harum nihil deserunt possimus et nesciunt a. Commodi perspiciatis eligendi et quis laudantium nihil perferendis harum. Rerum tempore dolor voluptatem dolores porro dolorem modi.',1,'2017-04-07 02:23:45','2017-04-07 02:23:45'),(39,'Consequatur aut at.','consequatur-aut-at','Pariatur pariatur facere ut aperiam asperiores tempore nostrum. Exercitationem consequatur non tempora rerum quia ut earum perspiciatis. Beatae assumenda et error id temporibus aut eum sit. Labore voluptatem eos dolorem.',1,'2017-04-07 02:23:45','2017-04-07 02:23:45'),(40,'Facilis ad dignissimos consequatur.','facilis-ad-dignissimos-consequatur','Sit corporis voluptatem ut incidunt odit quo ad vel. Deleniti laborum eum sed et. Modi minus sunt nulla eos eos suscipit necessitatibus. Et ad natus rem doloribus neque corporis. Iure corporis odio repellendus temporibus.',1,'2017-04-07 02:23:45','2017-04-07 02:23:45'),(41,'Ut itaque necessitatibus id.','ut-itaque-necessitatibus-id','Ullam dolorum voluptates quia libero nihil explicabo amet. Maiores ut quod expedita et quia ut. Earum aut magni dolores voluptatem sed. Mollitia at quaerat aut iusto vitae vitae. Quas reiciendis officiis dolor. Nesciunt dolorem enim est. Optio minus non hic totam ad sed.',1,'2017-04-07 02:23:45','2017-04-07 02:23:45'),(42,'Molestiae fuga quo.','molestiae-fuga-quo','Qui quia laboriosam et quia numquam quia sunt vel. Sit reiciendis porro dolores ea. Est illo voluptas rem dolorem sint natus. Repellendus totam aliquid est consequatur.',1,'2017-04-07 02:23:45','2017-04-07 02:23:45'),(43,'Incidunt dolore dolores laboriosam.','incidunt-dolore-dolores-laboriosam','Minus aspernatur aperiam cupiditate aspernatur minus recusandae est. Omnis ducimus ad molestias facilis dolorem reiciendis. Aut possimus molestiae accusantium blanditiis nisi consequatur. Sapiente voluptatem id laboriosam officiis quos amet est.',1,'2017-04-07 02:23:45','2017-04-07 02:23:45'),(44,'Nostrum modi dolorum.','nostrum-modi-dolorum','Voluptatem corrupti modi soluta ut sed voluptatem. Vitae eum ut nihil quis. Incidunt et non alias. Quia iste vel illum perspiciatis et sit enim. Magni deserunt molestiae eos magnam unde placeat vel omnis. Dolore ipsam molestiae temporibus iure inventore dolorem.',1,'2017-04-07 02:23:45','2017-04-07 02:23:45'),(45,'Id perspiciatis architecto labore.','id-perspiciatis-architecto-labore','Ipsum tempore dolores perspiciatis distinctio aperiam ut sint. Animi molestiae esse vel vel veniam exercitationem. A impedit quibusdam veniam perspiciatis accusamus. Suscipit voluptas porro qui qui labore. Laudantium aspernatur dolorum illo.',1,'2017-04-07 02:23:45','2017-04-07 02:23:45'),(46,'Est ab a.','est-ab-a','Ex earum sapiente et atque nihil dolores provident. Aut excepturi commodi consequuntur. Qui perferendis nostrum et nihil et. Et labore dolores pariatur ex earum et aut. Sint et sit itaque iste veritatis voluptatem quasi.',1,'2017-04-07 02:23:45','2017-04-07 02:23:45'),(47,'Dolorum et ut reprehenderit.','dolorum-et-ut-reprehenderit','Perspiciatis esse est autem saepe aperiam et iure. Dolores molestiae sit sit in ex fugiat. Qui hic molestias modi quidem. Pariatur autem aliquid sed aspernatur. Magni id aperiam quam nobis accusantium ut debitis.',1,'2017-04-07 02:23:45','2017-04-07 02:23:45'),(48,'Sit qui consequuntur aspernatur.','sit-qui-consequuntur-aspernatur','Illo omnis laboriosam vel enim ex sunt. Ipsum iure dicta vitae tempore delectus ipsa qui est. Vel eaque tempora incidunt reprehenderit magni cupiditate. Sint aliquid nihil non. Rerum corrupti qui incidunt et voluptatum. Et voluptates et dolor est a aut. Ipsam blanditiis sequi qui.',1,'2017-04-07 02:23:45','2017-04-07 02:23:45'),(49,'Beatae ut tenetur numquam.','beatae-ut-tenetur-numquam','Autem quia quae non eos molestiae fugit odio. Ipsum qui porro molestiae. Dicta eligendi modi enim ratione. Quis laudantium consequatur rerum ipsam consequatur perspiciatis. Non aliquid et quia nihil facilis. Deleniti inventore molestias sed consequatur magnam incidunt aut.',1,'2017-04-07 02:23:45','2017-04-07 02:23:45'),(50,'Qui voluptas quis recusandae.','qui-voluptas-quis-recusandae','Nihil impedit hic sapiente magni et asperiores omnis ea. Minus accusantium illum esse quis sint quia explicabo. Sit porro est ut ea. Dolores recusandae vero molestias officiis aut. Et nihil ea error maiores.',1,'2017-04-07 02:23:45','2017-04-07 02:23:45'),(54,'Dadsasdadsdasd','dadsasdadsdasd','asdasdasdaasdadsasd',1,'2017-04-07 05:33:41','2017-04-07 05:33:41');

/*Table structure for table `images` */

DROP TABLE IF EXISTS `images`;

CREATE TABLE `images` (
  `id` int(10) unsigned NOT NULL AUTO_INCREMENT,
  `name` varchar(255) COLLATE utf8_unicode_ci NOT NULL,
  `extension` text COLLATE utf8_unicode_ci NOT NULL,
  `article_id` int(10) unsigned NOT NULL,
  `created_at` timestamp NULL DEFAULT NULL,
  `updated_at` timestamp NULL DEFAULT NULL,
  PRIMARY KEY (`id`),
  KEY `images_article_id_index` (`article_id`),
  CONSTRAINT `images_article_id_foreign` FOREIGN KEY (`article_id`) REFERENCES `articles` (`id`) ON DELETE CASCADE ON UPDATE CASCADE
) ENGINE=InnoDB AUTO_INCREMENT=53 DEFAULT CHARSET=utf8 COLLATE=utf8_unicode_ci;

/*Data for the table `images` */

insert  into `images`(`id`,`name`,`extension`,`article_id`,`created_at`,`updated_at`) values (1,'5e451af4e22c6c426d2819f4bc21ebb3.jpg','jpg',1,'2017-04-07 02:24:07','2017-04-07 02:24:07'),(2,'493d3bcb1cc4211fc3d2676764448526.jpg','jpg',2,'2017-04-07 02:24:08','2017-04-07 02:24:08'),(3,'e0094b2e25952b002be80d251358b6d4.jpg','jpg',3,'2017-04-07 02:24:08','2017-04-07 02:24:08'),(4,'91de8fe3272e1cd867a50f5e83855f49.jpg','jpg',4,'2017-04-07 02:24:09','2017-04-07 02:24:09'),(5,'db76dfac03e627c35a7c5ba378ffea61.jpg','jpg',5,'2017-04-07 02:24:10','2017-04-07 02:24:10'),(6,'098a19602ccbdc5529d2919fae09988b.jpg','jpg',6,'2017-04-07 02:24:10','2017-04-07 02:24:10'),(7,'8c49764902cff070cea0814327aef21c.jpg','jpg',7,'2017-04-07 02:24:11','2017-04-07 02:24:11'),(8,'999c367b2b90a981cbe808a752d94cc0.jpg','jpg',8,'2017-04-07 02:24:12','2017-04-07 02:24:12'),(9,'aab98da6866b80ffe55de106fb49d83b.jpg','jpg',9,'2017-04-07 02:24:12','2017-04-07 02:24:12'),(10,'c3ce1782e8b65672e0acc252eef58447.jpg','jpg',10,'2017-04-07 02:24:13','2017-04-07 02:24:13'),(11,'6739a4ef8c815be282685f03579fc4fd.jpg','jpg',11,'2017-04-07 02:24:14','2017-04-07 02:24:14'),(12,'098858dcf40c9e8c44c9d1d5e7656829.jpg','jpg',12,'2017-04-07 02:24:14','2017-04-07 02:24:14'),(13,'6ee688d0c58dd0e2e32f390dc1fc766d.jpg','jpg',13,'2017-04-07 02:24:15','2017-04-07 02:24:15'),(14,'4d25225c285ee8d1e4e01bca40c51eb7.jpg','jpg',14,'2017-04-07 02:24:16','2017-04-07 02:24:16'),(15,'5be968db29a933d9d91fbc3fbd770222.jpg','jpg',15,'2017-04-07 02:24:17','2017-04-07 02:24:17'),(16,'48b4bd4f03589dd9ce6ce263ffc14703.jpg','jpg',16,'2017-04-07 02:24:17','2017-04-07 02:24:17'),(17,'105cfe060b66ddd9c729bb8f1cd1d10d.jpg','jpg',17,'2017-04-07 02:24:18','2017-04-07 02:24:18'),(18,'0d2208f4aebcb89be19f087bfd69b53d.jpg','jpg',18,'2017-04-07 02:24:19','2017-04-07 02:24:19'),(19,'04fe34685db2609554a730206fbf50cb.jpg','jpg',19,'2017-04-07 02:24:19','2017-04-07 02:24:19'),(20,'31e8044d8337b94cb6cb72eaf919658a.jpg','jpg',20,'2017-04-07 02:24:20','2017-04-07 02:24:20'),(21,'9a83a97fd5b8632cd154f37d7e70d91e.jpg','jpg',21,'2017-04-07 02:24:21','2017-04-07 02:24:21'),(22,'473879a75f788230507437334d2919f0.jpg','jpg',22,'2017-04-07 02:24:21','2017-04-07 02:24:21'),(23,'ef97bf19e13397fbee40c927e05b8532.jpg','jpg',23,'2017-04-07 02:24:22','2017-04-07 02:24:22'),(24,'b59ee5fcf965003cfc95d434d2eece5a.jpg','jpg',24,'2017-04-07 02:24:23','2017-04-07 02:24:23'),(25,'b2dd4857d580fa019062a03b22d19f8c.jpg','jpg',25,'2017-04-07 02:24:23','2017-04-07 02:24:23'),(26,'0b4433cf0a8b60a127dca2e61c378985.jpg','jpg',26,'2017-04-07 02:24:24','2017-04-07 02:24:24'),(27,'ee42800a0957be43e11979ca4b7be8ff.jpg','jpg',27,'2017-04-07 02:24:25','2017-04-07 02:24:25'),(28,'5d2f5b7dc9d1e0ab422d14bb14861aeb.jpg','jpg',28,'2017-04-07 02:24:25','2017-04-07 02:24:25'),(29,'e8082a0806fcea2e6a2fbc2ad45a6fd8.jpg','jpg',29,'2017-04-07 02:24:26','2017-04-07 02:24:26'),(30,'270860e9d80652c7e3fcd0817c3c2ae2.jpg','jpg',30,'2017-04-07 02:24:26','2017-04-07 02:24:26'),(31,'7686aa11bf884558b37caa1287dec440.jpg','jpg',31,'2017-04-07 02:24:27','2017-04-07 02:24:27'),(32,'4597d14cb35c25bcd5b6d278a249d2b5.jpg','jpg',32,'2017-04-07 02:24:28','2017-04-07 02:24:28'),(33,'c163aa6eb303015dd0d89f519f781487.jpg','jpg',33,'2017-04-07 02:24:29','2017-04-07 02:24:29'),(34,'5925989e85cc40362cf028f807b4bcfd.jpg','jpg',34,'2017-04-07 02:24:29','2017-04-07 02:24:29'),(35,'e0721cdac5348d1b5fd5556f2acfe0b1.jpg','jpg',35,'2017-04-07 02:24:30','2017-04-07 02:24:30'),(36,'17a5fd25810b4a91883049cff875ce23.jpg','jpg',36,'2017-04-07 02:24:30','2017-04-07 02:24:30'),(37,'022d78c867e9edf762f7a48702919015.jpg','jpg',37,'2017-04-07 02:24:31','2017-04-07 02:24:31'),(38,'2b764114c2028a2fe9e90d230860fc95.jpg','jpg',38,'2017-04-07 02:24:32','2017-04-07 02:24:32'),(39,'76d3c9175ef908f996e44e6c956dd54a.jpg','jpg',39,'2017-04-07 02:24:32','2017-04-07 02:24:32'),(40,'e935ea19e197c1133ad0e6ee750ec72d.jpg','jpg',40,'2017-04-07 02:24:33','2017-04-07 02:24:33'),(41,'53656a372582889b941d90e0b20d9fa5.jpg','jpg',41,'2017-04-07 02:24:34','2017-04-07 02:24:34'),(42,'a88d687b4ff3d08b2959dbef6b83d18f.jpg','jpg',42,'2017-04-07 02:24:34','2017-04-07 02:24:34'),(43,'d37a742b460774411e9d97cff4ab67de.jpg','jpg',43,'2017-04-07 02:24:35','2017-04-07 02:24:35'),(44,'4febe686555c8c806f8cd1304fe56ec1.jpg','jpg',44,'2017-04-07 02:24:36','2017-04-07 02:24:36'),(45,'90d47369c04a10bfeee5109af4c19864.jpg','jpg',45,'2017-04-07 02:24:36','2017-04-07 02:24:36'),(46,'235d6a74bd694fe9c4db0d00f0f2d918.jpg','jpg',46,'2017-04-07 02:24:37','2017-04-07 02:24:37'),(47,'2a5efb1236c2b65669cf96c6465fe95f.jpg','jpg',47,'2017-04-07 02:24:38','2017-04-07 02:24:38'),(48,'69b514a5de9a7dbc229b5d95acbe6a3d.jpg','jpg',48,'2017-04-07 02:24:38','2017-04-07 02:24:38'),(49,'c14e04048947d36ab05daf6fc9ed6e8b.jpg','jpg',49,'2017-04-07 02:24:39','2017-04-07 02:24:39'),(50,'8233e22f256fd4e2b47bc7403c2c753f.jpg','jpg',50,'2017-04-07 02:24:40','2017-04-07 02:24:40'),(52,'blog_1491543221.jpg','jpg',54,'2017-04-07 05:33:41','2017-04-07 05:33:41');

/*Table structure for table `migrations` */

DROP TABLE IF EXISTS `migrations`;

CREATE TABLE `migrations` (
  `id` int(10) unsigned NOT NULL AUTO_INCREMENT,
  `migration` varchar(255) COLLATE utf8_unicode_ci NOT NULL,
  `batch` int(11) NOT NULL,
  PRIMARY KEY (`id`)
) ENGINE=InnoDB AUTO_INCREMENT=5 DEFAULT CHARSET=utf8 COLLATE=utf8_unicode_ci;

/*Data for the table `migrations` */

insert  into `migrations`(`id`,`migration`,`batch`) values (1,'2014_10_12_000000_create_users_table',1),(2,'2014_10_12_100000_create_password_resets_table',1),(3,'2017_04_07_002926_create_table_articles',1),(4,'2017_04_07_003240_create_table_images',1);

/*Table structure for table `password_resets` */

DROP TABLE IF EXISTS `password_resets`;

CREATE TABLE `password_resets` (
  `email` varchar(255) COLLATE utf8_unicode_ci NOT NULL,
  `token` varchar(255) COLLATE utf8_unicode_ci NOT NULL,
  `created_at` timestamp NULL DEFAULT NULL,
  KEY `password_resets_email_index` (`email`),
  KEY `password_resets_token_index` (`token`)
) ENGINE=InnoDB DEFAULT CHARSET=utf8 COLLATE=utf8_unicode_ci;

/*Data for the table `password_resets` */

/*Table structure for table `users` */

DROP TABLE IF EXISTS `users`;

CREATE TABLE `users` (
  `id` int(10) unsigned NOT NULL AUTO_INCREMENT,
  `name` varchar(255) COLLATE utf8_unicode_ci NOT NULL,
  `email` varchar(255) COLLATE utf8_unicode_ci NOT NULL,
  `password` varchar(255) COLLATE utf8_unicode_ci NOT NULL,
  `remember_token` varchar(100) COLLATE utf8_unicode_ci DEFAULT NULL,
  `created_at` timestamp NULL DEFAULT NULL,
  `updated_at` timestamp NULL DEFAULT NULL,
  PRIMARY KEY (`id`),
  UNIQUE KEY `users_email_unique` (`email`)
) ENGINE=InnoDB AUTO_INCREMENT=2 DEFAULT CHARSET=utf8 COLLATE=utf8_unicode_ci;

/*Data for the table `users` */

insert  into `users`(`id`,`name`,`email`,`password`,`remember_token`,`created_at`,`updated_at`) values (1,'Christian Flores','christian@webstage_ovrmind.com','$2y$10$2cW7y8YhL6PGcX8mj.4G4ujASGgkQnY9WO.6EJSx1wGJT2PRt7dmC','lWSed1PhEQGtI7JTl97bckbgSCG8xPO8YVqeS5wjULQgbZodkSuqhLFxNxpB','2017-04-07 02:23:41','2017-04-07 06:48:12');

/*!40101 SET SQL_MODE=@OLD_SQL_MODE */;
/*!40014 SET FOREIGN_KEY_CHECKS=@OLD_FOREIGN_KEY_CHECKS */;
/*!40014 SET UNIQUE_CHECKS=@OLD_UNIQUE_CHECKS */;
/*!40111 SET SQL_NOTES=@OLD_SQL_NOTES */;
